Space Name,Category
A-B Connector Concourse,
Exhibit Hall A1,E-A3
Exhibit Hall A2,E-A1
Exhibit Hall A3,E-A2
Exhibit Hall Meeting Room A101,M-A5
Exhibit Hall Meeting Room A102,M-A5
Exhibit Hall Meeting Room A103,M-A5
Meeting Room A301,M-A2
Meeting Room A302,M-A4
Meeting Room A303,M-A1
Meeting Room A304,M-A1
Meeting Room A305,M-A4
Meeting Room A306,M-A1
Meeting Room A307,M-A1
Meeting Room A308a,M-A1
Meeting Room A308b,M-A1
Meeting Room A309,M-A1
Meeting Room A310,M-A1
Meeting Room A311,M-A2
Meeting Room A312,M-A2
Meeting Room A313,M-A2
Meeting Room A314,M-A2
Meeting Room A315,M-A1
Meeting Room A316,M-A1
Building A Registration Hall,P-A
Building A-B Registration Hall,P-A
Executive Boardroom,M-A2
Meeting Room A401,M-A1
Meeting Room A402,M-A1
Meeting Room A403,M-A1
Meeting Room A404,M-A2
Meeting Room A405,M-A2
Meeting Room A406,M-A1
Meeting Room A407,M-A1
Meeting Room A408,M-A1
Meeting Room A409,M-A1
Meeting Room A410,M-A3
Meeting Room A411,M-A5
Meeting Room A412,M-A5
Meeting Room A412A,M-A3
Sidney Marcus Auditorium,BA-A
International Conference Room,M-A1
Exhibit Hall B1,E-B1
Exhibit Hall B2,E-B1
Exhibit Hall B3,E-B2
Exhibit Hall B4,E-B3
Exhibit Hall B5,E-B3
Exhibit Hall BC,E-B4
Exhibit Hall Meeting Room B101,M-B2
Exhibit Hall Meeting Room B102,M-B2
Exhibit Hall Meeting Room B103,M-B2
Building B-C Connector,E-B1
Meeting Room B201,M-B2
Meeting Room B202,M-B3
Meeting Room B203,M-B4
Meeting Room B204,M-B3
Meeting Room B205,M-B1
Meeting Room B206,M-B5
Meeting Room B207,M-B3
Meeting Room B208,M-B3
Meeting Room B209,M-B2
Meeting Room B210,M-B2
Meeting Room B211,M-B3
Meeting Room B212,M-B3
Meeting Room B213,M-B3
Meeting Room B214,M-B3
Meeting Room B215,M-B3
Meeting Room B216,M-B3
Meeting Room B217,M-B3
Meeting Room B218,M-B3
Meeting Room B301,M-B3
Meeting Room B302,M-B3
Meeting Room B303,M-B4
Meeting Room B304,M-B4
Meeting Room B305,M-B3
Meeting Room B306,M-B3
Meeting Room B307,M-B1
Meeting Room B308,M-B4
Meeting Room B309,M-B4
Meeting Room B310,M-B3
Meeting Room B311,M-B3
Meeting Room B312,M-B4
Meeting Room B313,M-B5
Meeting Room B313A,M-B2
Meeting Room B313B,M-B2
Meeting Room B314,M-B4
Meeting Room B315,M-B3
Meeting Room B316,M-B3
Meeting Room B317,M-B1
Meeting Room B318,M-B1
Meeting Room B319,M-B1
Authority Boardroom,P-B
Building B Registration Hall,P-B
Meeting Room B401,M-B4
Meeting Room B402,M-B4
Meeting Room B403,M-B3
Meeting Room B404,M-B3
Meeting Room B405,M-B4
Meeting Room B406,M-B5
Meeting Room B406A,M-B2
Meeting Room B406B,M-B2
Meeting Room B407,M-B4
Meeting Room B408,M-B3
Meeting Room B409,M-B3
Meeting Room B410,U
Meeting Room B411,M-B1
Thomas Murphy Ballroom 1,BA-B
Thomas Murphy Ballroom 2,BA-B
Thomas Murphy Ballroom 3,BA-B
Thomas Murphy Ballroom 4,BA-B
Exhibit Hall C1,E-C1
Exhibit Hall C2,E-C1
Exhibit Hall C3,E-C1
Exhibit Hall C4,E-C1
Exhibit Hall Meeting Room C111,M-C4
Exhibit Hall Meeting Room C112,M-C4
Exhibit Hall Meeting Room C113,M-C4
Exhibit Hall Meeting Room C114,M-C4
Meeting Room C103,M-C1
Meeting Room C104,M-C1
Meeting Room C105,M-C1
Meeting Room C106,M-C1
Meeting Room C107,M-C2
Meeting Room C108,M-C1
Meeting Room C109,M-C1
Meeting Room C110,M-C2
Room C101 Auditorium,BA-C
Room C102 Auditorium,BA-C
Meeting Room C201,M-C2
Meeting Room C202,M-C1
Meeting Room C203,M-C2
Meeting Room C204,M-C1
Meeting Room C205,M-C2
Meeting Room C206,M-C2
Meeting Room C207,M-C1
Meeting Room C208,M-C1
Meeting Room C209,M-C1
Meeting Room C210,M-C1
Meeting Room C211,M-C1
Meeting Room C212,M-C1
Meeting Room C213,M-C1
Georgia Ballroom 1,BA-C
Georgia Ballroom 2,BA-C
Georgia Ballroom 3,BA-C
Meeting Room C301,M-C2
Meeting Room C302,M-C3
,
,
,
,
,
,
,
,
,
,
,
,
,
,
,
,
,
,
,
,
,
,
,
,
,
,
,
,
,
,
,
,
,
,
,
,
,
,
,
,
,
,
,
,
,
,
,
,
,
,
,
,
,
,
,
,
,
,
,
,
,
,
,
,
,
,
,
,
,
,
,
,
,
,
,
,
,
,
,
,
,
,
,
,
,
,
,
,
,
,
,
,
,
,
,
,
,
,
,
,
,
,
,
,
,
,
,
,
,
,
,
,
,
,
,
,
,
,
,
,
,
,
,
,
,
,
,
,
,
,
,
,
,
,
,
,
,
,
,
,
,
,
,
,
,
,
,
,
,
,
,
,
,
,
,
,
,
,
,
,
,
,
,
,
,
,
,
,
,
,
,
,
,
,
,
,
,
,
,
,
,
,
,
,
,
,
,
,
,
,
,
,
,
,
,
,
,
,
,
,
,
,
,
,
,
,
,
,
,
,
,
,
,
,
,
,
,
,
,
,
,
,
,
,
,
,
,
,
,
,
,
,
,
,
,
,
,
,
,
,
,
,
,
,
,
,
,
,
,
,
,
,
,
,
,
,
,
,
,
,
,
,
,
,
,
,
,
,
,
,
,
,
,
,
,
,
,
,
,
,
,
,
,
,
,
,
,
,
,
,
,
,
,
,
,
,
,
,
,
,
,
,
,
,
,
,
,
,
,
,
,
,
,
,
,
,
,
,
,
,
,
,
,
,
,
,
,
,
,
,
,
,
,
,
,
,
,
,
,
,
,
,
,
,
,
,
,
,
,
,
,
,
,
,
,
,
,
,
,
,
,
,
,
,
,
,
,
,
,
,
,
,
,
,
,
,
,
,
,
,
,
,
,
,
,
,
,
,
,
,
,
,
,
,
,
,
,
,
,
,
,
,
,
,
,
,
,
,
,
,
,
,
,
,
,
,
,
,
,
,
,
,
,
,
,
,
,
,
,
,
,
,
,
,
,
,
,
,
,
,
,
,
,
,
,
,
,
,
,
,
,
,
,
,
,
,
,
,
,
,
,
,
,
,
,
,
,
,
,
,
,
,
,
,
,
,
,
,
,
,
,
,
,
,
,
,
,
,
,
,
,
,
,
,
,
,
,
,
,
,
,
,
,
,
,
,
,
,
,
,
,
,
,
,
,
,
,
,
,
,
,
,
,
,
,
,
,
,
,
,
,
,
,
,
,
,
,
,
,
,
,
,
,
,
,
,
,
,
,
,
,
,
,
,
,
,
,
,
,
,
,
,
,
,
,
,
,
,
,
,
,
,
,
,
,
,
,
,
,
,
,
,
,
,
,
,
,
,
,
,
,
,
,
,
,
,
,
,
,
,
,
,
,
,
,
,
,
,
,
,
,
,
,
,
,
,
,
,
,
,
,
,
,
,
,
,
,
,
,
,
,
,
,
,
,
,
,
,
,
,
,
,
,
,
,
,
,
,
,
,
,
,
,
,
,
,
,
,
,
,
,
,
,
,
,
,
,
,
,
,
,
,
,
,
,
,
,
,
,
,
,
,
,
,
,
,
,
,
,
,
,
,
,
,
,
,
,
,
,
,
,
,
,
,
,
,
,
,
,
,
,
,
,
,
,
,
,
,
,
,
,
,
,
,
,
,
,
,
,
,
,
,
,
,
,
,
,
,
,
,
,
,
,
,
,
,
,
,
,
,
,
,
,
,
,
,
,
,
,
,
,
,
,
,
,
,
,
,
,
,
,
,
,
,
,
,
,
,
,
,
,
,
,
,
,
,
,
,
,
,
,
,
,
,
,
,
,
,
,
,
,
,
,
,
,
,
,
,
,
,
,
,
,
,
,
,
,
,
,
,
,
,
,
,
,
,
,
,
,
,
,
,
,
,
,
,
,
,
,
,
,
,
,
,
,
,
,
,
,
,
,
,
,
